window_id,participant_id,session_id,task,cognitive_efficacy,autonomic_load,divergence_profile
sub-01:ses-S1:PVT:120:0,sub-01,ses-S1,PVT,0.6278538812785388,0.376453488372093,concordant_midrange
sub-01:ses-S1:PVT:120:1,sub-01,ses-S1,PVT,0.47602739726027393,0.34738372093023256,concordant_midrange
sub-01:ses-S1:PVT:120:2,sub-01,ses-S1,PVT,0.4942922374429224,0.684593023255814,concordant_midrange
sub-01:ses-S1:PVT:120:3,sub-01,ses-S1,PVT,0.6267123287671234,0.44622093023255816,concordant_midrange
sub-01:ses-S1:PVT:120:4,sub-01,ses-S1,PVT,0.41894977168949765,0.4934593023255814,concordant_midrange
sub-01:ses-S1:Flanker:120:0,sub-01,ses-S1,Flanker,0.40464985994397756,0.313953488372093,concordant_midrange
sub-01:ses-S1:Flanker:120:1,sub-01,ses-S1,Flanker,0.5929971988795517,0.313953488372093,concordant_midrange
sub-01:ses-S1:Flanker:120:2,sub-01,ses-S1,Flanker,0.38565826330532216,0.3604651162790698,concordant_midrange
sub-01:ses-S1:Flanker:120:3,sub-01,ses-S1,Flanker,0.6084033613445378,0.37790697674418605,concordant_midrange
sub-01:ses-S1:Flanker:120:4,sub-01,ses-S1,Flanker,0.41159663865546214,0.4433139534883721,concordant_midrange
sub-01:ses-S1:NBack0:120:0,sub-01,ses-S1,NBack0,0.7912735849056604,0.41569767441860467,concordant_midrange
sub-01:ses-S1:NBack0:120:1,sub-01,ses-S1,NBack0,0.7075471698113208,0.44040697674418605,concordant_midrange
sub-01:ses-S1:NBack0:120:2,sub-01,ses-S1,NBack0,0.6132075471698113,0.42005813953488375,concordant_midrange
sub-01:ses-S1:NBack1:120:0,sub-01,ses-S1,NBack1,0.7264150943396227,0.40406976744186046,concordant_midrange
sub-01:ses-S1:NBack1:120:1,sub-01,ses-S1,NBack1,0.5318396226415095,0.5319767441860466,concordant_midrange
sub-01:ses-S1:NBack1:120:2,sub-01,ses-S1,NBack1,0.6179245283018868,0.47529069767441856,concordant_midrange
sub-01:ses-S1:NBack2:120:0,sub-01,ses-S1,NBack2,0.38915094339622647,0.4840116279069767,concordant_midrange
sub-01:ses-S1:NBack2:120:1,sub-01,ses-S1,NBack2,0.35774183887391436,0.43459302325581395,concordant_midrange
sub-01:ses-S1:NBack2:120:2,sub-01,ses-S1,NBack2,0.4229934112009584,0.5188953488372092,concordant_midrange
sub-01:ses-S1:MATBEasy:120:0,sub-01,ses-S1,MATBEasy,0.5259259259259259,0.5813953488372092,concordant_midrange
sub-01:ses-S1:MATBEasy:120:1,sub-01,ses-S1,MATBEasy,0.8037037037037037,0.7427325581395349,effective_cognition_elevated_autonomic_load
sub-01:ses-S1:MATBMedium:120:0,sub-01,ses-S1,MATBMedium,0.45972222222222225,0.7267441860465116,concordant_midrange
sub-01:ses-S1:MATBMedium:120:1,sub-01,ses-S1,MATBMedium,0.5888888888888889,0.7805232558139534,concordant_midrange
sub-01:ses-S1:MATBDifficult:120:0,sub-01,ses-S1,MATBDifficult,0.3458333333333333,0.6671511627906976,concordant_midrange
sub-01:ses-S1:MATBDifficult:120:1,sub-01,ses-S1,MATBDifficult,0.2013888888888889,0.7180232558139534,concordant_midrange
sub-01:ses-S2:PVT:120:0,sub-01,ses-S2,PVT,0.6278538812785388,0.5058139534883721,concordant_midrange
sub-01:ses-S2:PVT:120:1,sub-01,ses-S2,PVT,0.5513698630136986,0.3299418604651163,concordant_midrange
sub-01:ses-S2:PVT:120:2,sub-01,ses-S2,PVT,0.40410958904109595,0.46947674418604646,concordant_midrange
sub-01:ses-S2:PVT:120:3,sub-01,ses-S2,PVT,0.550228310502283,0.6831395348837209,concordant_midrange
sub-01:ses-S2:PVT:120:4,sub-01,ses-S2,PVT,0.3664383561643836,0.438953488372093,concordant_midrange
sub-01:ses-S2:Flanker:120:0,sub-01,ses-S2,Flanker,0.39355742296918766,0.37209302325581395,concordant_midrange
sub-01:ses-S2:Flanker:120:1,sub-01,ses-S2,Flanker,0.34980392156862744,0.5072674418604651,concordant_midrange
sub-01:ses-S2:Flanker:120:2,sub-01,ses-S2,Flanker,0.47445378151260503,0.622093023255814,concordant_midrange
sub-01:ses-S2:Flanker:120:3,sub-01,ses-S2,Flanker,0.38341736694677875,0.5436046511627907,concordant_midrange
sub-01:ses-S2:Flanker:120:4,sub-01,ses-S2,Flanker,0.5959103641456582,0.5145348837209303,concordant_midrange
sub-01:ses-S2:NBack0:120:0,sub-01,ses-S2,NBack0,0.7641509433962265,0.4011627906976744,concordant_midrange
sub-01:ses-S2:NBack0:120:1,sub-01,ses-S2,NBack0,0.5707547169811321,0.4476744186046512,concordant_midrange
sub-01:ses-S2:NBack0:120:2,sub-01,ses-S2,NBack0,0.43321353698712195,0.5421511627906976,concordant_midrange
sub-01:ses-S2:NBack1:120:0,sub-01,ses-S2,NBack1,0.4544399520814615,0.5770348837209303,concordant_midrange
sub-01:ses-S2:NBack1:120:1,sub-01,ses-S2,NBack1,0.3687481281820904,0.5494186046511628,concordant_midrange
sub-01:ses-S2:NBack1:120:2,sub-01,ses-S2,NBack1,0.5047169811320755,0.40552325581395354,concordant_midrange
sub-01:ses-S2:NBack2:120:0,sub-01,ses-S2,NBack2,0.3089997005091345,0.5537790697674418,concordant_midrange
sub-01:ses-S2:NBack2:120:1,sub-01,ses-S2,NBack2,0.3412324049116502,0.5770348837209303,concordant_midrange
sub-01:ses-S2:NBack2:120:2,sub-01,ses-S2,NBack2,0.3601003294399521,0.6380813953488371,concordant_midrange
sub-01:ses-S2:MATBEasy:120:0,sub-01,ses-S2,MATBEasy,0.6555555555555556,0.8066860465116279,concordant_midrange
sub-01:ses-S2:MATBEasy:120:1,sub-01,ses-S2,MATBEasy,0.9074074074074074,0.751453488372093,effective_cognition_elevated_autonomic_load
sub-01:ses-S2:MATBMedium:120:0,sub-01,ses-S2,MATBMedium,0.6555555555555556,0.5566860465116279,concordant_midrange
sub-01:ses-S2:MATBMedium:120:1,sub-01,ses-S2,MATBMedium,0.6111111111111112,0.5247093023255813,concordant_midrange
sub-01:ses-S2:MATBDifficult:120:0,sub-01,ses-S2,MATBDifficult,0.3763888888888889,0.7848837209302326,concordant_midrange
sub-01:ses-S2:MATBDifficult:120:1,sub-01,ses-S2,MATBDifficult,0.24722222222222223,0.8284883720930233,concordant_midrange
sub-01:ses-S3:PVT:120:0,sub-01,ses-S3,PVT,0.6278538812785388,0.8415697674418605,concordant_midrange
sub-01:ses-S3:PVT:120:1,sub-01,ses-S3,PVT,0.550228310502283,0.813953488372093,concordant_midrange
sub-01:ses-S3:PVT:120:2,sub-01,ses-S3,PVT,0.44977168949771684,0.8880813953488372,concordant_midrange
sub-01:ses-S3:PVT:120:3,sub-01,ses-S3,PVT,0.5833333333333334,0.8561046511627908,concordant_midrange
sub-01:ses-S3:PVT:120:4,sub-01,ses-S3,PVT,0.40525114155251146,0.8081395348837209,concordant_midrange
sub-01:ses-S3:Flanker:120:0,sub-01,ses-S3,Flanker,0.3942857142857143,0.9273255813953489,fast_error_prone_elevated_activation
sub-01:ses-S3:Flanker:120:1,sub-01,ses-S3,Flanker,0.4200560224089636,0.9811046511627907,concordant_midrange
sub-01:ses-S3:Flanker:120:2,sub-01,ses-S3,Flanker,0.4727731092436975,0.9854651162790697,fast_error_prone_elevated_activation
sub-01:ses-S3:Flanker:120:3,sub-01,ses-S3,Flanker,0.365266106442577,0.9229651162790697,fast_error_prone_elevated_activation
sub-01:ses-S3:Flanker:120:4,sub-01,ses-S3,Flanker,0.6266666666666667,0.9723837209302326,concordant_midrange
sub-01:ses-S3:NBack0:120:0,sub-01,ses-S3,NBack0,0.5456349206349206,0.9694767441860466,concordant_midrange
sub-01:ses-S3:NBack0:120:1,sub-01,ses-S3,NBack0,0.7995283018867925,0.9578488372093024,effective_cognition_elevated_autonomic_load
sub-01:ses-S3:NBack1:120:0,sub-01,ses-S3,NBack1,0.7523584905660378,0.8517441860465116,effective_cognition_elevated_autonomic_load
sub-01:ses-S3:NBack1:120:1,sub-01,ses-S3,NBack1,0.6863207547169812,0.9098837209302326,effective_cognition_elevated_autonomic_load
sub-01:ses-S3:NBack2:120:0,sub-01,ses-S3,NBack2,0.6273584905660378,0.9956395348837209,concordant_midrange
sub-01:ses-S3:NBack2:120:1,sub-01,ses-S3,NBack2,0.3388739143456125,0.9825581395348837,concordant_midrange
sub-01:ses-S3:MATBEasy:120:0,sub-01,ses-S3,MATBEasy,0.7703703703703703,0.9767441860465116,effective_cognition_elevated_autonomic_load
sub-01:ses-S3:MATBEasy:120:1,sub-01,ses-S3,MATBEasy,0.9666666666666667,0.9927325581395349,effective_cognition_elevated_autonomic_load
sub-01:ses-S3:MATBMedium:120:0,sub-01,ses-S3,MATBMedium,0.7416666666666667,0.936046511627907,effective_cognition_elevated_autonomic_load
sub-01:ses-S3:MATBMedium:120:1,sub-01,ses-S3,MATBMedium,0.7138888888888889,0.9534883720930233,effective_cognition_elevated_autonomic_load
sub-01:ses-S3:MATBDifficult:120:0,sub-01,ses-S3,MATBDifficult,0.35694444444444445,0.933139534883721,concordant_midrange
sub-01:ses-S3:MATBDifficult:120:1,sub-01,ses-S3,MATBDifficult,0.2763888888888889,0.9651162790697674,concordant_midrange
sub-02:ses-S1:PVT:120:0,sub-02,ses-S1,PVT,0.6278538812785388,0.007267441860465116,low_vigilance_low_cardiac_activation
sub-02:ses-S1:PVT:120:1,sub-02,ses-S1,PVT,0.5513698630136986,0.020348837209302327,concordant_midrange
sub-02:ses-S1:PVT:120:2,sub-02,ses-S1,PVT,0.3584474885844749,0.01744186046511628,concordant_midrange
sub-02:ses-S1:PVT:120:3,sub-02,ses-S1,PVT,0.5662100456621005,0.05959302325581395,low_vigilance_low_cardiac_activation
sub-02:ses-S1:PVT:120:4,sub-02,ses-S1,PVT,0.4212328767123288,0.09738372093023256,concordant_midrange
sub-02:ses-S1:Flanker:120:0,sub-02,ses-S1,Flanker,0.4286834733893557,0.10901162790697674,concordant_midrange
sub-02:ses-S1:Flanker:120:1,sub-02,ses-S1,Flanker,0.589187675070028,0.1322674418604651,concordant_midrange
sub-02:ses-S1:Flanker:120:2,sub-02,ses-S1,Flanker,0.6055555555555555,0.0436046511627907,concordant_midrange
sub-02:ses-S1:Flanker:120:3,sub-02,ses-S1,Flanker,0.6277777777777778,0.05813953488372093,concordant_midrange
sub-02:ses-S1:Flanker:120:4,sub-02,ses-S1,Flanker,0.5188888888888888,0.07122093023255814,concordant_midrange
sub-02:ses-S1:NBack0:120:0,sub-02,ses-S1,NBack0,0.5589997005091345,0.08866279069767441,concordant_midrange
sub-02:ses-S1:NBack0:120:1,sub-02,ses-S1,NBack0,0.7429245283018868,0.06831395348837209,concordant_midrange
sub-02:ses-S1:NBack0:120:2,sub-02,ses-S1,NBack0,0.6933962264150944,0.1308139534883721,concordant_midrange
sub-02:ses-S1:NBack1:120:0,sub-02,ses-S1,NBack1,0.7311320754716982,0.14389534883720928,concordant_midrange
sub-02:ses-S1:NBack1:120:1,sub-02,ses-S1,NBack1,0.759433962264151,0.10319767441860465,concordant_midrange
sub-02:ses-S1:NBack1:120:2,sub-02,ses-S1,NBack1,0.7735849056603774,0.09011627906976744,concordant_midrange
sub-02:ses-S1:NBack2:120:0,sub-02,ses-S1,NBack2,0.4009808325846062,0.3023255813953488,concordant_midrange
sub-02:ses-S1:NBack2:120:1,sub-02,ses-S1,NBack2,0.4599056603773585,0.2950581395348837,concordant_midrange
sub-02:ses-S1:NBack2:120:2,sub-02,ses-S1,NBack2,0.45522611560347404,0.23401162790697674,concordant_midrange
sub-02:ses-S1:MATBEasy:120:0,sub-02,ses-S1,MATBEasy,0.6481481481481481,0.2252906976744186,concordant_midrange
sub-02:ses-S1:MATBEasy:120:1,sub-02,ses-S1,MATBEasy,0.688888888888889,0.12936046511627908,concordant_midrange
sub-02:ses-S1:MATBMedium:120:0,sub-02,ses-S1,MATBMedium,0.3194444444444444,0.2965116279069767,poor_cognition_preserved_autonomic_regulation
sub-02:ses-S1:MATBMedium:120:1,sub-02,ses-S1,MATBMedium,0.4,0.23110465116279072,concordant_midrange
sub-02:ses-S1:MATBDifficult:120:0,sub-02,ses-S1,MATBDifficult,0.13194444444444445,0.1002906976744186,poor_cognition_preserved_autonomic_regulation
sub-02:ses-S1:MATBDifficult:120:1,sub-02,ses-S1,MATBDifficult,0.04027777777777778,0.1191860465116279,poor_cognition_preserved_autonomic_regulation
sub-02:ses-S2:PVT:120:0,sub-02,ses-S2,PVT,0.5764840182648402,0.22674418604651164,concordant_midrange
sub-02:ses-S2:PVT:120:1,sub-02,ses-S2,PVT,0.6221461187214612,0.19476744186046513,concordant_midrange
sub-02:ses-S2:PVT:120:2,sub-02,ses-S2,PVT,0.30365296803652964,0.19040697674418605,poor_cognition_preserved_autonomic_regulation
sub-02:ses-S2:PVT:120:3,sub-02,ses-S2,PVT,0.5045662100456622,0.2005813953488372,concordant_midrange
sub-02:ses-S2:PVT:120:4,sub-02,ses-S2,PVT,0.3641552511415525,0.29069767441860467,concordant_midrange
sub-02:ses-S2:Flanker:120:0,sub-02,ses-S2,Flanker,0.6515406162464986,0.12209302325581395,concordant_midrange
sub-02:ses-S2:Flanker:120:1,sub-02,ses-S2,Flanker,0.6011111111111112,0.16279069767441862,concordant_midrange
sub-02:ses-S2:Flanker:120:2,sub-02,ses-S2,Flanker,0.4959103641456583,0.026162790697674417,concordant_midrange
sub-02:ses-S2:Flanker:120:3,sub-02,ses-S2,Flanker,0.7644444444444445,0.09956395348837209,concordant_midrange
sub-02:ses-S2:Flanker:120:4,sub-02,ses-S2,Flanker,0.4899719887955182,0.07122093023255814,concordant_midrange
sub-02:ses-S2:NBack0:120:0,sub-02,ses-S2,NBack0,0.7028301886792454,0.20639534883720928,concordant_midrange
sub-02:ses-S2:NBack0:120:1,sub-02,ses-S2,NBack0,0.5676474992512729,0.1613372093023256,concordant_midrange
sub-02:ses-S2:NBack1:120:0,sub-02,ses-S2,NBack1,0.5707921533393231,0.27325581395348836,concordant_midrange
sub-02:ses-S2:NBack1:120:1,sub-02,ses-S2,NBack1,0.5629305181191974,0.5174418604651163,concordant_midrange
sub-02:ses-S2:NBack2:120:0,sub-02,ses-S2,NBack2,0.36717580113806525,0.42441860465116277,concordant_midrange
sub-02:ses-S2:NBack2:120:1,sub-02,ses-S2,NBack2,0.4056978137166816,0.33284883720930236,concordant_midrange
sub-02:ses-S2:MATBEasy:120:0,sub-02,ses-S2,MATBEasy,0.5888888888888889,0.3430232558139535,concordant_midrange
sub-02:ses-S2:MATBEasy:120:1,sub-02,ses-S2,MATBEasy,0.6962962962962963,0.3590116279069767,concordant_midrange
sub-02:ses-S2:MATBMedium:120:0,sub-02,ses-S2,MATBMedium,0.5680555555555555,0.22383720930232556,concordant_midrange
sub-02:ses-S2:MATBMedium:120:1,sub-02,ses-S2,MATBMedium,0.5402777777777779,0.11337209302325582,concordant_midrange
sub-02:ses-S2:MATBDifficult:120:0,sub-02,ses-S2,MATBDifficult,0.2597222222222222,0.3648255813953488,concordant_midrange
sub-02:ses-S2:MATBDifficult:120:1,sub-02,ses-S2,MATBDifficult,0.22916666666666666,0.4491279069767442,concordant_midrange
sub-02:ses-S3:PVT:120:0,sub-02,ses-S3,PVT,0.5958904109589042,0.07994186046511628,low_vigilance_low_cardiac_activation
sub-02:ses-S3:PVT:120:1,sub-02,ses-S3,PVT,0.4531963470319635,0.2543604651162791,concordant_midrange
sub-02:ses-S3:PVT:120:2,sub-02,ses-S3,PVT,0.5319634703196346,0.10174418604651163,concordant_midrange
sub-02:ses-S3:PVT:120:3,sub-02,ses-S3,PVT,0.6358447488584474,0.07848837209302326,low_vigilance_low_cardiac_activation
sub-02:ses-S3:PVT:120:4,sub-02,ses-S3,PVT,0.4200913242009133,0.13372093023255816,concordant_midrange
sub-02:ses-S3:Flanker:120:0,sub-02,ses-S3,Flanker,0.5388888888888889,0.06831395348837209,concordant_midrange
sub-02:ses-S3:Flanker:120:1,sub-02,ses-S3,Flanker,0.65,0.06976744186046512,concordant_midrange
sub-02:ses-S3:Flanker:120:2,sub-02,ses-S3,Flanker,0.5677777777777778,0.055232558139534885,concordant_midrange
sub-02:ses-S3:Flanker:120:3,sub-02,ses-S3,Flanker,0.6322222222222222,0.05668604651162791,concordant_midrange
sub-02:ses-S3:Flanker:120:4,sub-02,ses-S3,Flanker,0.5182633053221288,0.02616279069767442,concordant_midrange
sub-02:ses-S3:NBack0:120:0,sub-02,ses-S3,NBack0,0.6061695118298892,0.19767441860465118,concordant_midrange
sub-02:ses-S3:NBack0:120:1,sub-02,ses-S3,NBack0,0.7783018867924528,0.21220930232558138,concordant_midrange
sub-02:ses-S3:NBack1:120:0,sub-02,ses-S3,NBack1,0.628968253968254,0.02616279069767442,concordant_midrange
sub-02:ses-S3:NBack1:120:1,sub-02,ses-S3,NBack1,0.6486223420185685,0.06540697674418604,concordant_midrange
sub-02:ses-S3:NBack2:120:0,sub-02,ses-S3,NBack2,0.518905360886493,0.2703488372093023,concordant_midrange
sub-02:ses-S3:NBack2:120:1,sub-02,ses-S3,NBack2,0.6533018867924528,0.14244186046511628,concordant_midrange
sub-02:ses-S3:MATBEasy:120:0,sub-02,ses-S3,MATBEasy,0.6407407407407407,0.2805232558139535,concordant_midrange
sub-02:ses-S3:MATBEasy:120:1,sub-02,ses-S3,MATBEasy,0.7851851851851852,0.26308139534883723,concordant_midrange
sub-02:ses-S3:MATBMedium:120:0,sub-02,ses-S3,MATBMedium,0.538888888888889,0.30377906976744184,concordant_midrange
sub-02:ses-S3:MATBMedium:120:1,sub-02,ses-S3,MATBMedium,0.6236111111111111,0.29941860465116277,concordant_midrange
sub-02:ses-S3:MATBDifficult:120:0,sub-02,ses-S3,MATBDifficult,0.34444444444444444,0.22093023255813954,concordant_midrange
sub-02:ses-S3:MATBDifficult:120:1,sub-02,ses-S3,MATBDifficult,0.18055555555555555,0.24854651162790697,poor_cognition_preserved_autonomic_regulation
sub-03:ses-S1:PVT:120:0,sub-03,ses-S1,PVT,0.5856164383561644,0.5625,concordant_midrange
sub-03:ses-S1:PVT:120:1,sub-03,ses-S1,PVT,0.34018264840182644,0.49127906976744184,concordant_midrange
sub-03:ses-S1:PVT:120:2,sub-03,ses-S1,PVT,0.41324200913242004,0.5261627906976745,concordant_midrange
sub-03:ses-S1:PVT:120:3,sub-03,ses-S1,PVT,0.5833333333333334,0.47383720930232565,low_vigilance_low_cardiac_activation
sub-03:ses-S1:PVT:120:4,sub-03,ses-S1,PVT,0.40525114155251146,0.4215116279069767,concordant_midrange
sub-03:ses-S1:Flanker:120:0,sub-03,ses-S1,Flanker,0.3615126050420168,0.34593023255813954,concordant_midrange
sub-03:ses-S1:Flanker:120:1,sub-03,ses-S1,Flanker,0.7422222222222222,0.3517441860465116,concordant_midrange
sub-03:ses-S1:Flanker:120:2,sub-03,ses-S1,Flanker,0.5595518207282913,0.3517441860465116,concordant_midrange
sub-03:ses-S1:Flanker:120:3,sub-03,ses-S1,Flanker,0.5174789915966386,0.3982558139534884,concordant_midrange
sub-03:ses-S1:Flanker:120:4,sub-03,ses-S1,Flanker,0.31428571428571433,0.43459302325581395,concordant_midrange
sub-03:ses-S1:NBack0:120:0,sub-03,ses-S1,NBack0,0.5825471698113208,0.501453488372093,concordant_midrange
sub-03:ses-S1:NBack0:120:1,sub-03,ses-S1,NBack0,0.6462264150943396,0.4898255813953488,concordant_midrange
sub-03:ses-S1:NBack0:120:2,sub-03,ses-S1,NBack0,0.6721698113207548,0.501453488372093,concordant_midrange
sub-03:ses-S1:NBack1:120:0,sub-03,ses-S1,NBack1,0.4552261156034741,0.47965116279069764,concordant_midrange
sub-03:ses-S1:NBack1:120:1,sub-03,ses-S1,NBack1,0.6002358490566038,0.3866279069767442,concordant_midrange
sub-03:ses-S1:NBack1:120:2,sub-03,ses-S1,NBack1,0.5778301886792453,0.3619186046511628,concordant_midrange
sub-03:ses-S1:NBack2:120:0,sub-03,ses-S1,NBack2,0.3773584905660378,0.5232558139534884,concordant_midrange
sub-03:ses-S1:NBack2:120:1,sub-03,ses-S1,NBack2,0.3294399520814615,0.5305232558139534,concordant_midrange
sub-03:ses-S1:NBack2:120:2,sub-03,ses-S1,NBack2,0.2932764300688829,0.4767441860465116,concordant_midrange
sub-03:ses-S1:MATBEasy:120:0,sub-03,ses-S1,MATBEasy,0.7925925925925926,0.3866279069767442,concordant_midrange
sub-03:ses-S1:MATBEasy:120:1,sub-03,ses-S1,MATBEasy,0.9777777777777779,0.42441860465116277,concordant_midrange
sub-03:ses-S1:MATBMedium:120:0,sub-03,ses-S1,MATBMedium,0.7388888888888889,0.5043604651162791,concordant_midrange
sub-03:ses-S1:MATBMedium:120:1,sub-03,ses-S1,MATBMedium,0.7347222222222222,0.4796511627906977,concordant_midrange
sub-03:ses-S1:MATBDifficult:120:0,sub-03,ses-S1,MATBDifficult,0.25277777777777777,0.6002906976744187,concordant_midrange
sub-03:ses-S1:MATBDifficult:120:1,sub-03,ses-S1,MATBDifficult,0.2375,0.5421511627906976,concordant_midrange
sub-03:ses-S2:PVT:120:0,sub-03,ses-S2,PVT,0.6278538812785388,0.2761627906976744,low_vigilance_low_cardiac_activation
sub-03:ses-S2:PVT:120:1,sub-03,ses-S2,PVT,0.4646118721461187,0.22819767441860464,concordant_midrange
sub-03:ses-S2:PVT:120:2,sub-03,ses-S2,PVT,0.5605022831050229,0.23110465116279072,concordant_midrange
sub-03:ses-S2:PVT:120:3,sub-03,ses-S2,PVT,0.5901826484018264,0.25,low_vigilance_low_cardiac_activation
sub-03:ses-S2:PVT:120:4,sub-03,ses-S2,PVT,0.4155251141552512,0.1758720930232558,concordant_midrange
sub-03:ses-S2:Flanker:120:0,sub-03,ses-S2,Flanker,0.5455555555555556,0.3691860465116279,concordant_midrange
sub-03:ses-S2:Flanker:120:1,sub-03,ses-S2,Flanker,0.4777777777777778,0.31540697674418605,concordant_midrange
sub-03:ses-S2:Flanker:120:2,sub-03,ses-S2,Flanker,0.5022222222222222,0.3808139534883721,concordant_midrange
sub-03:ses-S2:Flanker:120:3,sub-03,ses-S2,Flanker,0.7244444444444444,0.31540697674418605,concordant_midrange
sub-03:ses-S2:Flanker:120:4,sub-03,ses-S2,Flanker,0.6288888888888889,0.38953488372093026,concordant_midrange
sub-03:ses-S2:NBack0:120:0,sub-03,ses-S2,NBack0,0.5770814615154237,0.1933139534883721,concordant_midrange
sub-03:ses-S2:NBack0:120:1,sub-03,ses-S2,NBack0,0.7688679245283019,0.28415697674418605,concordant_midrange
sub-03:ses-S2:NBack1:120:0,sub-03,ses-S2,NBack1,0.7216981132075473,0.3633720930232558,concordant_midrange
sub-03:ses-S2:NBack1:120:1,sub-03,ses-S2,NBack1,0.7169811320754718,0.27180232558139533,concordant_midrange
sub-03:ses-S2:NBack2:120:0,sub-03,ses-S2,NBack2,0.509433962264151,0.3706395348837209,concordant_midrange
sub-03:ses-S2:NBack2:120:1,sub-03,ses-S2,NBack2,0.42299341120095835,0.4215116279069767,concordant_midrange
sub-03:ses-S2:MATBEasy:120:0,sub-03,ses-S2,MATBEasy,0.9074074074074074,0.28343023255813954,concordant_midrange
sub-03:ses-S2:MATBEasy:120:1,sub-03,ses-S2,MATBEasy,0.9185185185185185,0.3313953488372093,concordant_midrange
sub-03:ses-S2:MATBMedium:120:0,sub-03,ses-S2,MATBMedium,0.8013888888888888,0.502906976744186,concordant_midrange
sub-03:ses-S2:MATBMedium:120:1,sub-03,ses-S2,MATBMedium,0.7902777777777777,0.5421511627906976,concordant_midrange
sub-03:ses-S2:MATBDifficult:120:0,sub-03,ses-S2,MATBDifficult,0.18888888888888888,0.4680232558139535,concordant_midrange
sub-03:ses-S2:MATBDifficult:120:1,sub-03,ses-S2,MATBDifficult,0.20555555555555557,0.4258720930232558,concordant_midrange
sub-03:ses-S3:PVT:120:0,sub-03,ses-S3,PVT,0.5730593607305936,0.24709302325581395,low_vigilance_low_cardiac_activation
sub-03:ses-S3:PVT:120:1,sub-03,ses-S3,PVT,0.4132420091324201,0.22093023255813954,concordant_midrange
sub-03:ses-S3:PVT:120:2,sub-03,ses-S3,PVT,0.5205479452054794,0.2616279069767442,concordant_midrange
sub-03:ses-S3:PVT:120:3,sub-03,ses-S3,PVT,0.6267123287671234,0.26308139534883723,low_vigilance_low_cardiac_activation
sub-03:ses-S3:PVT:120:4,sub-03,ses-S3,PVT,0.4166666666666667,0.2761627906976744,concordant_midrange
sub-03:ses-S3:Flanker:120:0,sub-03,ses-S3,Flanker,0.538375350140056,0.24854651162790697,concordant_midrange
sub-03:ses-S3:Flanker:120:1,sub-03,ses-S3,Flanker,0.6277777777777778,0.376453488372093,concordant_midrange
sub-03:ses-S3:Flanker:120:2,sub-03,ses-S3,Flanker,0.6544444444444445,0.3924418604651163,concordant_midrange
sub-03:ses-S3:Flanker:120:3,sub-03,ses-S3,Flanker,0.5777777777777778,0.33866279069767447,concordant_midrange
sub-03:ses-S3:Flanker:120:4,sub-03,ses-S3,Flanker,0.7744444444444444,0.3502906976744186,concordant_midrange
sub-03:ses-S3:NBack0:120:0,sub-03,ses-S3,NBack0,0.5346286313267445,0.3706395348837209,concordant_midrange
sub-03:ses-S3:NBack0:120:1,sub-03,ses-S3,NBack0,0.6816037735849056,0.24127906976744184,concordant_midrange
sub-03:ses-S3:NBack1:120:0,sub-03,ses-S3,NBack1,0.7853773584905661,0.34738372093023256,concordant_midrange
sub-03:ses-S3:NBack1:120:1,sub-03,ses-S3,NBack1,0.5778676250374364,0.3866279069767442,concordant_midrange
sub-03:ses-S3:NBack2:120:0,sub-03,ses-S3,NBack2,0.5424902665468703,0.38808139534883723,concordant_midrange
sub-03:ses-S3:NBack2:120:1,sub-03,ses-S3,NBack2,0.48820754716981135,0.35755813953488375,concordant_midrange
sub-03:ses-S3:MATBEasy:120:0,sub-03,ses-S3,MATBEasy,0.8925925925925927,0.3444767441860465,concordant_midrange
sub-03:ses-S3:MATBEasy:120:1,sub-03,ses-S3,MATBEasy,0.8999999999999999,0.4840116279069767,concordant_midrange
sub-03:ses-S3:MATBMedium:120:0,sub-03,ses-S3,MATBMedium,0.6138888888888889,0.27906976744186046,concordant_midrange
sub-03:ses-S3:MATBMedium:120:1,sub-03,ses-S3,MATBMedium,0.8027777777777778,0.3546511627906977,concordant_midrange
sub-03:ses-S3:MATBDifficult:120:0,sub-03,ses-S3,MATBDifficult,0.3027777777777778,0.31976744186046513,poor_cognition_preserved_autonomic_regulation
sub-03:ses-S3:MATBDifficult:120:1,sub-03,ses-S3,MATBDifficult,0.38749999999999996,0.36773255813953487,concordant_midrange
sub-04:ses-S1:PVT:120:0,sub-04,ses-S1,PVT,0.5730593607305936,0.2936046511627907,concordant_midrange
sub-04:ses-S1:PVT:120:1,sub-04,ses-S1,PVT,0.40981735159817356,0.28488372093023256,concordant_midrange
sub-04:ses-S1:PVT:120:2,sub-04,ses-S1,PVT,0.5605022831050229,0.25872093023255816,concordant_midrange
sub-04:ses-S1:PVT:120:3,sub-04,ses-S1,PVT,0.5125570776255708,0.28343023255813954,concordant_midrange
sub-04:ses-S1:Flanker:120:0,sub-04,ses-S1,Flanker,0.2970868347338936,0.2252906976744186,poor_cognition_preserved_autonomic_regulation
sub-04:ses-S1:Flanker:120:1,sub-04,ses-S1,Flanker,0.4512605042016807,0.23255813953488372,concordant_midrange
sub-04:ses-S1:Flanker:120:2,sub-04,ses-S1,Flanker,0.46549019607843134,0.27325581395348836,concordant_midrange
sub-04:ses-S1:Flanker:120:3,sub-04,ses-S1,Flanker,0.5597759103641456,0.3066860465116279,concordant_midrange
sub-04:ses-S1:Flanker:120:4,sub-04,ses-S1,Flanker,0.5840336134453781,0.25872093023255816,concordant_midrange
sub-04:ses-S1:NBack0:120:0,sub-04,ses-S1,NBack0,0.4599430967355496,0.23837209302325582,concordant_midrange
sub-04:ses-S1:NBack0:120:1,sub-04,ses-S1,NBack0,0.49060347409404015,0.1875,concordant_midrange
sub-04:ses-S1:NBack0:120:2,sub-04,ses-S1,NBack0,0.5872641509433962,0.21220930232558138,concordant_midrange
sub-04:ses-S1:NBack1:120:0,sub-04,ses-S1,NBack1,0.404911650194669,0.20930232558139536,concordant_midrange
sub-04:ses-S1:NBack1:120:1,sub-04,ses-S1,NBack1,0.4528676250374364,0.13517441860465118,concordant_midrange
sub-04:ses-S1:NBack1:120:2,sub-04,ses-S1,NBack1,0.5141509433962265,0.12645348837209303,concordant_midrange
sub-04:ses-S1:NBack2:120:0,sub-04,ses-S1,NBack2,0.3553833483078766,0.26308139534883723,concordant_midrange
sub-04:ses-S1:NBack2:120:1,sub-04,ses-S1,NBack2,0.4481132075471698,0.26308139534883723,concordant_midrange
sub-04:ses-S1:NBack2:120:2,sub-04,ses-S1,NBack2,0.3451632225217131,0.28343023255813954,concordant_midrange
sub-04:ses-S1:MATBEasy:120:0,sub-04,ses-S1,MATBEasy,0.8296296296296296,0.48255813953488375,concordant_midrange
sub-04:ses-S1:MATBEasy:120:1,sub-04,ses-S1,MATBEasy,0.7444444444444445,0.5755813953488371,concordant_midrange
sub-04:ses-S1:MATBMedium:120:0,sub-04,ses-S1,MATBMedium,0.4722222222222222,0.3386627906976744,concordant_midrange
sub-04:ses-S1:MATBMedium:120:1,sub-04,ses-S1,MATBMedium,0.3638888888888889,0.4316860465116279,concordant_midrange
sub-04:ses-S1:MATBDifficult:120:0,sub-04,ses-S1,MATBDifficult,0.14027777777777778,0.6446220930232558,concordant_midrange
sub-04:ses-S1:MATBDifficult:120:1,sub-04,ses-S1,MATBDifficult,0.12083333333333333,0.6700581395348837,concordant_midrange
sub-04:ses-S2:PVT:120:0,sub-04,ses-S2,PVT,0.5958904109589042,0.8241279069767442,concordant_midrange
sub-04:ses-S2:PVT:120:1,sub-04,ses-S2,PVT,0.47260273972602745,0.7659883720930232,concordant_midrange
sub-04:ses-S2:PVT:120:2,sub-04,ses-S2,PVT,0.4942922374429224,0.8008720930232558,concordant_midrange
sub-04:ses-S2:PVT:120:3,sub-04,ses-S2,PVT,0.6015981735159817,0.809593023255814,concordant_midrange
sub-04:ses-S2:PVT:120:4,sub-04,ses-S2,PVT,0.4200913242009133,0.8125,concordant_midrange
sub-04:ses-S2:Flanker:120:0,sub-04,ses-S2,Flanker,0.3347899159663866,0.6933139534883721,fast_error_prone_elevated_activation
sub-04:ses-S2:Flanker:120:1,sub-04,ses-S2,Flanker,0.6733333333333333,0.7093023255813954,fast_error_prone_elevated_activation
sub-04:ses-S2:Flanker:120:2,sub-04,ses-S2,Flanker,0.6322222222222222,0.6991279069767442,concordant_midrange
sub-04:ses-S2:Flanker:120:3,sub-04,ses-S2,Flanker,0.5471148459383753,0.7412790697674418,concordant_midrange
sub-04:ses-S2:Flanker:120:4,sub-04,ses-S2,Flanker,0.6787675070028012,0.7761627906976745,effective_cognition_elevated_autonomic_load
sub-04:ses-S2:NBack0:120:0,sub-04,ses-S2,NBack0,0.5919811320754718,0.7122093023255813,concordant_midrange
sub-04:ses-S2:NBack0:120:1,sub-04,ses-S2,NBack0,0.6061320754716981,0.6787790697674418,concordant_midrange
sub-04:ses-S2:NBack1:120:0,sub-04,ses-S2,NBack1,0.554245283018868,0.7601744186046512,concordant_midrange
sub-04:ses-S2:NBack1:120:1,sub-04,ses-S2,NBack1,0.6320754716981132,0.686046511627907,concordant_midrange
sub-04:ses-S2:NBack2:120:0,sub-04,ses-S2,NBack2,0.4929245283018868,0.8183139534883721,concordant_midrange
sub-04:ses-S2:NBack2:120:1,sub-04,ses-S2,NBack2,0.46933962264150947,0.7441860465116279,concordant_midrange
sub-04:ses-S2:MATBEasy:120:0,sub-04,ses-S2,MATBEasy,0.6703703703703704,0.7892441860465116,effective_cognition_elevated_autonomic_load
sub-04:ses-S2:MATBEasy:120:1,sub-04,ses-S2,MATBEasy,0.8296296296296296,0.8066860465116279,effective_cognition_elevated_autonomic_load
sub-04:ses-S2:MATBMedium:120:0,sub-04,ses-S2,MATBMedium,0.5402777777777777,0.9055232558139534,concordant_midrange
sub-04:ses-S2:MATBMedium:120:1,sub-04,ses-S2,MATBMedium,0.38055555555555554,0.876453488372093,concordant_midrange
sub-04:ses-S2:MATBDifficult:120:0,sub-04,ses-S2,MATBDifficult,0.22222222222222224,0.9433139534883721,concordant_midrange
sub-04:ses-S2:MATBDifficult:120:1,sub-04,ses-S2,MATBDifficult,0.1597222222222222,0.9433139534883721,concordant_midrange
sub-04:ses-S3:PVT:120:0,sub-04,ses-S3,PVT,0.5730593607305936,0.5319767441860466,concordant_midrange
sub-04:ses-S3:PVT:120:1,sub-04,ses-S3,PVT,0.4554794520547945,0.5421511627906976,concordant_midrange
sub-04:ses-S3:PVT:120:2,sub-04,ses-S3,PVT,0.48744292237442927,0.5334302325581395,concordant_midrange
sub-04:ses-S3:PVT:120:3,sub-04,ses-S3,PVT,0.5833333333333334,0.5377906976744187,concordant_midrange
sub-04:ses-S3:PVT:120:4,sub-04,ses-S3,PVT,0.4132420091324201,0.5537790697674418,concordant_midrange
sub-04:ses-S3:Flanker:120:0,sub-04,ses-S3,Flanker,0.3700840336134454,0.4018895348837209,concordant_midrange
sub-04:ses-S3:Flanker:120:1,sub-04,ses-S3,Flanker,0.27070028011204483,0.3851744186046512,concordant_midrange
sub-04:ses-S3:Flanker:120:2,sub-04,ses-S3,Flanker,0.4666666666666666,0.4883720930232558,concordant_midrange
sub-04:ses-S3:Flanker:120:3,sub-04,ses-S3,Flanker,0.6784313725490195,0.5188953488372093,concordant_midrange
sub-04:ses-S3:Flanker:120:4,sub-04,ses-S3,Flanker,0.5955182072829132,0.5130813953488372,concordant_midrange
sub-04:ses-S3:NBack0:120:0,sub-04,ses-S3,NBack0,0.6415094339622642,0.5319767441860466,concordant_midrange
sub-04:ses-S3:NBack0:120:1,sub-04,ses-S3,NBack0,0.6768867924528302,0.39389534883720934,concordant_midrange
sub-04:ses-S3:NBack1:120:0,sub-04,ses-S3,NBack1,0.4937481281820904,0.4549418604651163,concordant_midrange
sub-04:ses-S3:NBack1:120:1,sub-04,ses-S3,NBack1,0.544811320754717,0.4476744186046512,concordant_midrange
sub-04:ses-S3:NBack2:120:0,sub-04,ses-S3,NBack2,0.3396600778676251,0.5436046511627907,concordant_midrange
sub-04:ses-S3:NBack2:120:1,sub-04,ses-S3,NBack2,0.4433962264150944,0.5159883720930233,concordant_midrange
sub-04:ses-S3:MATBEasy:120:0,sub-04,ses-S3,MATBEasy,0.7555555555555555,0.6816860465116279,effective_cognition_elevated_autonomic_load
sub-04:ses-S3:MATBEasy:120:1,sub-04,ses-S3,MATBEasy,0.7518518518518519,0.6773255813953488,effective_cognition_elevated_autonomic_load
sub-04:ses-S3:MATBMedium:120:0,sub-04,ses-S3,MATBMedium,0.4708333333333334,0.7049418604651163,concordant_midrange
sub-04:ses-S3:MATBMedium:120:1,sub-04,ses-S3,MATBMedium,0.45833333333333337,0.7063953488372092,concordant_midrange
sub-04:ses-S3:MATBDifficult:120:0,sub-04,ses-S3,MATBDifficult,0.13055555555555556,0.8284883720930233,concordant_midrange
sub-04:ses-S3:MATBDifficult:120:1,sub-04,ses-S3,MATBDifficult,0.3763888888888889,0.8212209302325582,concordant_midrange
sub-05:ses-S1:PVT:120:0,sub-05,ses-S1,PVT,0.5901826484018264,0.7674418604651163,concordant_midrange
sub-05:ses-S1:PVT:120:1,sub-05,ses-S1,PVT,0.3641552511415525,0.7718023255813954,concordant_midrange
sub-05:ses-S1:PVT:120:2,sub-05,ses-S1,PVT,0.49657534246575336,0.7122093023255813,concordant_midrange
sub-05:ses-S1:PVT:120:3,sub-05,ses-S1,PVT,0.6381278538812785,0.7340116279069767,concordant_midrange
sub-05:ses-S1:PVT:120:4,sub-05,ses-S1,PVT,0.40525114155251146,0.7732558139534884,concordant_midrange
sub-05:ses-S1:Flanker:120:0,sub-05,ses-S1,Flanker,0.10795518207282913,0.6293604651162791,concordant_midrange
sub-05:ses-S1:Flanker:120:1,sub-05,ses-S1,Flanker,0.4123249299719888,0.5290697674418604,concordant_midrange
sub-05:ses-S1:Flanker:120:2,sub-05,ses-S1,Flanker,0.4217927170868348,0.5508720930232558,concordant_midrange
sub-05:ses-S1:Flanker:120:3,sub-05,ses-S1,Flanker,0.362296918767507,0.5465116279069767,concordant_midrange
sub-05:ses-S1:Flanker:120:4,sub-05,ses-S1,Flanker,0.66,0.5784883720930233,concordant_midrange
sub-05:ses-S1:NBack0:120:0,sub-05,ses-S1,NBack0,0.5235849056603774,0.6642441860465116,concordant_midrange
sub-05:ses-S1:NBack0:120:1,sub-05,ses-S1,NBack0,0.464622641509434,0.6613372093023255,concordant_midrange
sub-05:ses-S1:NBack1:120:0,sub-05,ses-S1,NBack1,0.34669811320754723,0.5726744186046512,concordant_midrange
sub-05:ses-S1:NBack1:120:1,sub-05,ses-S1,NBack1,0.3254716981132076,0.6090116279069767,concordant_midrange
sub-05:ses-S1:NBack1:120:2,sub-05,ses-S1,NBack1,0.3514150943396227,0.6933139534883721,concordant_midrange
sub-05:ses-S1:NBack2:120:0,sub-05,ses-S1,NBack2,0.30192422881102127,0.720203488372093,concordant_midrange
sub-05:ses-S1:NBack2:120:1,sub-05,ses-S1,NBack2,0.27912548667265646,0.6598837209302326,concordant_midrange
sub-05:ses-S1:MATBEasy:120:0,sub-05,ses-S1,MATBEasy,0.7555555555555555,0.748546511627907,effective_cognition_elevated_autonomic_load
sub-05:ses-S1:MATBEasy:120:1,sub-05,ses-S1,MATBEasy,0.7111111111111111,0.7340116279069767,effective_cognition_elevated_autonomic_load
sub-05:ses-S1:MATBMedium:120:0,sub-05,ses-S1,MATBMedium,0.48055555555555557,0.751453488372093,concordant_midrange
sub-05:ses-S1:MATBMedium:120:1,sub-05,ses-S1,MATBMedium,0.39583333333333337,0.7267441860465116,concordant_midrange
sub-05:ses-S1:MATBDifficult:120:0,sub-05,ses-S1,MATBDifficult,0.2013888888888889,0.6802325581395349,concordant_midrange
sub-05:ses-S1:MATBDifficult:120:1,sub-05,ses-S1,MATBDifficult,0.09999999999999999,0.5406976744186046,concordant_midrange
sub-05:ses-S2:PVT:120:0,sub-05,ses-S2,PVT,0.5901826484018264,0.7659883720930232,concordant_midrange
sub-05:ses-S2:PVT:120:1,sub-05,ses-S2,PVT,0.3641552511415525,0.8546511627906976,concordant_midrange
sub-05:ses-S2:PVT:120:2,sub-05,ses-S2,PVT,0.49657534246575336,0.9244186046511628,concordant_midrange
sub-05:ses-S2:PVT:120:3,sub-05,ses-S2,PVT,0.5627853881278538,0.9244186046511628,concordant_midrange
sub-05:ses-S2:Flanker:120:0,sub-05,ses-S2,Flanker,0.39131652661064426,0.7238372093023255,concordant_midrange
sub-05:ses-S2:Flanker:120:1,sub-05,ses-S2,Flanker,0.36134453781512604,0.751453488372093,fast_error_prone_elevated_activation
sub-05:ses-S2:Flanker:120:2,sub-05,ses-S2,Flanker,0.5220168067226891,0.7921511627906976,fast_error_prone_elevated_activation
sub-05:ses-S2:Flanker:120:3,sub-05,ses-S2,Flanker,0.3423529411764706,0.8386627906976745,fast_error_prone_elevated_activation
sub-05:ses-S2:Flanker:120:4,sub-05,ses-S2,Flanker,0.4597759103641456,0.8430232558139534,concordant_midrange
sub-05:ses-S2:NBack0:120:0,sub-05,ses-S2,NBack0,0.4339622641509434,0.7601744186046511,concordant_midrange
sub-05:ses-S2:NBack0:120:1,sub-05,ses-S2,NBack0,0.45518867924528306,0.7718023255813954,concordant_midrange
sub-05:ses-S2:NBack1:120:0,sub-05,ses-S2,NBack1,0.32075471698113217,0.6758720930232558,concordant_midrange
sub-05:ses-S2:NBack1:120:1,sub-05,ses-S2,NBack1,0.3561320754716982,0.7354651162790697,concordant_midrange
sub-05:ses-S2:NBack2:120:0,sub-05,ses-S2,NBack2,0.28855944893680746,0.7834302325581395,concordant_midrange
sub-05:ses-S2:NBack2:120:1,sub-05,ses-S2,NBack2,0.2641883797544175,0.7776162790697674,concordant_midrange
sub-05:ses-S2:MATBEasy:120:0,sub-05,ses-S2,MATBEasy,0.7962962962962963,0.6598837209302325,concordant_midrange
sub-05:ses-S2:MATBEasy:120:1,sub-05,ses-S2,MATBEasy,0.7888888888888889,0.7296511627906976,effective_cognition_elevated_autonomic_load
sub-05:ses-S2:MATBMedium:120:0,sub-05,ses-S2,MATBMedium,0.7388888888888888,0.7936046511627907,effective_cognition_elevated_autonomic_load
sub-05:ses-S2:MATBMedium:120:1,sub-05,ses-S2,MATBMedium,0.5541666666666667,0.8139534883720929,concordant_midrange
sub-05:ses-S2:MATBDifficult:120:0,sub-05,ses-S2,MATBDifficult,0.14444444444444443,0.876453488372093,concordant_midrange
sub-05:ses-S2:MATBDifficult:120:1,sub-05,ses-S2,MATBDifficult,0.06388888888888888,0.8590116279069768,concordant_midrange
sub-05:ses-S3:PVT:120:0,sub-05,ses-S3,PVT,0.6404109589041096,0.8386627906976745,concordant_midrange
sub-05:ses-S3:PVT:120:1,sub-05,ses-S3,PVT,0.46689497716894973,0.8662790697674418,concordant_midrange
sub-05:ses-S3:PVT:120:2,sub-05,ses-S3,PVT,0.41324200913242004,0.882267441860465,concordant_midrange
sub-05:ses-S3:PVT:120:3,sub-05,ses-S3,PVT,0.5833333333333334,0.873546511627907,concordant_midrange
sub-05:ses-S3:PVT:120:4,sub-05,ses-S3,PVT,0.40525114155251146,0.8808139534883721,concordant_midrange
sub-05:ses-S3:Flanker:120:0,sub-05,ses-S3,Flanker,0.469187675070028,0.815406976744186,fast_error_prone_elevated_activation
sub-05:ses-S3:Flanker:120:1,sub-05,ses-S3,Flanker,0.5076750700280112,0.8662790697674418,concordant_midrange
sub-05:ses-S3:Flanker:120:2,sub-05,ses-S3,Flanker,0.5666666666666668,0.8837209302325582,concordant_midrange
sub-05:ses-S3:Flanker:120:3,sub-05,ses-S3,Flanker,0.5267226890756302,0.8517441860465116,concordant_midrange
sub-05:ses-S3:Flanker:120:4,sub-05,ses-S3,Flanker,0.566498599439776,0.8982558139534884,concordant_midrange
sub-05:ses-S3:NBack0:120:0,sub-05,ses-S3,NBack0,0.40094339622641517,0.6751453488372093,concordant_midrange
sub-05:ses-S3:NBack0:120:1,sub-05,ses-S3,NBack0,0.42452830188679247,0.8604651162790697,concordant_midrange
sub-05:ses-S3:NBack1:120:0,sub-05,ses-S3,NBack1,0.4103773584905661,0.8052325581395349,concordant_midrange
sub-05:ses-S3:NBack1:120:1,sub-05,ses-S3,NBack1,0.4056603773584906,0.8052325581395349,concordant_midrange
sub-05:ses-S3:NBack2:120:0,sub-05,ses-S3,NBack2,0.3325471698113208,0.8902616279069768,concordant_midrange
sub-05:ses-S3:NBack2:120:1,sub-05,ses-S3,NBack2,0.339622641509434,0.8866279069767442,concordant_midrange
sub-05:ses-S3:MATBEasy:120:0,sub-05,ses-S3,MATBEasy,0.9148148148148149,0.8212209302325582,effective_cognition_elevated_autonomic_load
sub-05:ses-S3:MATBEasy:120:1,sub-05,ses-S3,MATBEasy,0.7999999999999999,0.8168604651162791,effective_cognition_elevated_autonomic_load
sub-05:ses-S3:MATBMedium:120:0,sub-05,ses-S3,MATBMedium,0.8652777777777778,0.6642441860465116,concordant_midrange
sub-05:ses-S3:MATBMedium:120:1,sub-05,ses-S3,MATBMedium,0.6083333333333333,0.7732558139534884,concordant_midrange
sub-05:ses-S3:MATBDifficult:120:0,sub-05,ses-S3,MATBDifficult,0.15694444444444444,0.876453488372093,concordant_midrange
sub-05:ses-S3:MATBDifficult:120:1,sub-05,ses-S3,MATBDifficult,0.23472222222222225,0.877906976744186,concordant_midrange
