file_name,sha256
000.txt,5a03bfbc3e448f50b5886d87d0723a8871ed8d3c27761fd901b127c503208387
002.txt,308aa162d759dfe615ca2a56dd470fc216cfe60401ecf1e632abdc83aeda0f99
003.txt,5449b78484b2c27a747d8159567ab0ec758ed7b08a304bc0f71639ebcc86a1ce
005.txt,a95928a59eb2db17c634431693224a921f0bf93de5e460ae6690ed3e09748fa8
006.txt,09a8cd3e97e65d6d259f538053e3f053583334eb6e589aa8b3d20e49e0f92d6a
007.txt,1262e9b18554919d52b6f7debc7687055afdbd95e531d97e08daf3c06b9561bf
008.txt,ca27cccb38b51fc5aeb79dfc2dd204d7e12a4c736d1138ddab1be9f7025b0991
009.txt,9c401bf767dd7edfcaead8da18fc559c675b735f0119c1609791fef831e1b518
010.txt,f2e626f0edc366972b8c4c86655107807132d55cfa8c61e4a70b64145af03af9
011.txt,e1abcee6110395019d3fd6e304ccd5325190e6b84c4a1b5127a92263ea0680e1
013.txt,9c89c22f0979978ef3fb2df7d1a31a42b45b4e8d9f838d7b6817cf93b1a1dc2c
